"番号","施設名","住所","AED設置場所","使用可能時間","緯度","経度"
"1","大村こども園","大村町字松ノ木田2-2","職員室","平日7:30～18:00","34.7937","137.3971"
"2","植田保育園","植田町字池堀田68-1","事務室","平日7:30～19:00","34.7128","137.3653"
"3","往完保育園","往完町字郷社東34","職員室","平日7：45～17：45、土曜は14：00まで","34.7566","137.3683"
"4","自然史博物館","大岩町字大穴1-238","入口ホール","月曜（祝日の場合は翌平日）、12/29～1/1を除く8:30～17:15","34.7209","137.4318"
"5","東部窓口センター","中岩田一丁目12-2","玄関","平日8:30～17:15","34.7576","137.4268"
"6","豊橋競輪場　競輪事務所","東田町87","メインスタンド北側入口(正門から入って右側）","10:00～17:00","34.7706","137.4172"
"7","飽海保育園","飽海町80","事務室","平日8：00～16:30","34.7708","137.4017"
"8","三郷保育園","神野新田町字ソノ割23","事務所","平日8:00～18:00","34.7457","137.3422"
"9","豊橋総合動植物公園","大岩町字大穴1-238","西門売店、温室内憩いのへや","月曜（祝日の場合は翌平日）、12/29～1/1を除く9:00～16:30","34.7188","137.428"
"10","美術博物館","今橋町3-1","玄関ホール","月曜（祝日の場合は翌平日）、年末年始を除く9:00～17:00","34.769","137.3948"
"11","仁連木老人福祉センター","仁連木町136-2","玄関ホール","日曜祝日・年末年始を除く9:00～17:00","34.7696","137.4153"
"12","高師老人福祉センター","高師町字北原1","玄関ホール","日曜祝日・年末年始を除く9:00～17:00","34.727","137.3831"
"13","下地老人福祉センター","下地町字宮前52-1","玄関ホール","日曜祝日・年末年始を除く9:00～17:00","34.7777","137.3841"
"14","石巻老人福祉センター","石巻本町字市場7","玄関ホール","日曜祝日・年末年始を除く9:00～17:00","34.8005","137.4398"
"15","大岩老人福祉センター","大岩町字東郷内4-5","玄関ホール","日曜祝日・年末年始を除く9:00～17:00","34.7255","137.45"
"16","西川老人憩の家","石巻西川町字安川下1-17","玄関ホール","日曜祝日・年末年始を除く9:30～16:00","34.8424","137.4577"
"17","東細谷老人憩の家","東細谷町字西島4","玄関ホール","日曜祝日・年末年始を除く9:30～16:00","34.6831","137.4794"
"18","城下老人憩の家","城下町字北方部81-3","玄関ホール","日曜祝日・年末年始を除く9:30～16:00","34.6534","137.3459"
"19","津田保育園","横須賀町林8-1","職員室（職員玄関）","平日8:00～18:00","34.7821","137.3686"
"20","新吉保育園","新吉町1-2","１階廊下（玄関前）","平日7:45～19:00、土曜7：45～18：00","34.7651","137.3928"
"21","牛川東保育園","牛川町字乗小路31-6","玄関","平日7:45～19:00","34.7772","137.433"
"22","こじかこども園","植田町字一本木116-151","玄関","平日8:30～17:00","34.7006","137.3656"
"23","くるみ保育園","松葉町三丁目8-3","職員室","平日8:30～17:00","34.7689","137.3846"
"24","高山学園","多米町字野中152","職員室","平日8:30～17:00","34.7671","137.4384"
"25","ほいっぷ（保健所・保健センター・こども発達センター）","中野町字中原100","【保健所・保健センター】受付前、講堂前　休日夜間急病診療所:事務室　【こども発達センター】2階事務室","【保健所・保健センター】平日8:30～17:15　【こども発達センター】火～土曜8：30～17：15【休日夜間急病診療所】20:00～7:00、日曜祝日9:00～19:00","34.733","137.3708"
"26","こども未来館　ここにこ","松葉町三丁目1","正面玄関左横","水曜（祝日の場合は翌平日）、12/29～1/1を除く9:30～21:00","34.7686","137.3835"
"27","ポートインフォメーションセンター　カモメリア","神野ふ頭町3-29","玄関ホール受付前","平日9:00～17:00、土日祝（4～9月）9:00～20:00、（10～3月）9:00～19:00（年末年始は休館）","34.7322","137.3298"
"28","廃棄物最終処分場","高塚町字東大縄手441","埋立処理課事務所玄関","平日8:30～17:15","34.6794","137.3926"
"29","愛知県東三河建設事務所","今橋町6","玄関ホール","平日8:45～17:30","34.77","137.3999"
"30","豊橋市役所","今橋町1","東館1階ホール障害福祉課前、西館5階連絡通路","平日8:30～17:15","34.769","137.3921"
"31","愛知県三河港務所","神野ふ頭町3-9","玄関ホール","平日8:45～17:30","34.7313","137.3305"
"32","南部窓口センター","富本町字国隠67","待合室","平日8:30～17:15","34.7422","137.3852"
"33","愛知県立豊橋西高等学校","牟呂町字西明治新右前4","B棟（中央棟）昇降口外","24時間","34.7613","137.3424"
"34","愛知県立豊橋東高等学校","向山町字西猿22","体育館入口","平日8:30～17:00","34.7543","137.4079"
"35","中央図書館","羽根井町48","正面玄関","火曜～金曜9:30～19:00、土日祝8:30～17:00（第4金曜、年末年始、特別整理期間は休館）","34.7541","137.3758"
"36","アクアリーナ豊橋","神野新田町字メノ割1-3","エントランスホール、監視員室、2階エントランスホール","月曜（祝日の場合は翌平日）を除く9:00～21:00","34.7586","137.3238"
"37","豊橋市民センター　カリオンビル","松葉町二丁目63","談話ロビー","月曜、年末年始を除く9:00～21:00","34.7666","137.3849"
"38","愛知県立豊橋商業高等学校","向山官有地","体育館ステージ袖、体育教官室前","平日8:30～17:00","34.7575","137.3997"
"39","資源化センター","豊栄町字西530","中央操作室","平日8:30～17:15","34.6975","137.4224"
"40","豊橋鉄道株式会社　新豊橋駅","駅前大通一丁目138","改札口トイレ前","5:35～24:00","34.7623","137.3829"
"41","豊橋鉄道株式会社　渥美線高師駅","高師町字北新切116-6","待合室","5:00～24:00","34.7272","137.3814"
"42","豊鉄バス株式会社　豊橋駅バスセンター","花田町字西宿無","待合室","7:00～19:30","34.7636","137.383"
"43","彩幸","西赤沢町字深山95","玄関ホール、3階医務室","8:30～17:30","34.6779","137.362"
"44","オーギヤグループ　株式会社大木家","広小路一丁目43","オーギヤ駅前店（昼間）、2階サウナオーギ受付カウンター（夜間）","24時間","34.764","137.3838"
"45","オーギヤグループ　WO","潮崎町24-9","景品カウンター内","9:00～23:00","34.7434","137.3683"
"46","オーギヤグループ　ＯＧＩＹＡチャンピオン","曙町字南松原129-2","南館景品カウンター内","9:00～23:00","34.726","137.4031"
"47","オーギヤグループ　グランプリオーギ","小向町字西小向28","景品カウンター内","9:00～23:00","34.7665","137.358"
"48","オーギヤグループ　ＯＧＩＹＡ二川店","大岩町字久保田32-1","景品カウンター内","9:00～23:00","34.7282","137.432"
"49","二川宿本陣資料館","二川町字中町65","資料館1階ホール","月曜（祝日の場合は翌平日）、12/29～1/1を除く9:00～17:00","34.7234","137.4499"
"50","豊橋中央高等学校","鍵田町106","2階1号館東と1号館西の中央、第２体育館、鍵田グラウンド","平日8:30～16:45","34.7512","137.3913"
"51","豊橋中央高等学校　大山グラウンド","大山町字太七坪","クラブハウス医務室","平日8:30～16:45","34.7217","137.3585"
"52","たかくら幼稚園","鍵田町106","玄関","平日8:30～16:45","34.7509","137.3917"
"53","斎場","飯村町字北池上52","白ヶ池会館事務室","友引、1/1を除く8:30～17:00","34.7389","137.4309"
"54","牟呂地域福祉センター","牟呂町字内田22-2","玄関ホール","月曜（祝日の場合は翌平日）、年末年始を除く9:00～17:00","34.7612","137.3562"
"55","八町地域福祉センター","八町通五丁目9","2階講堂横","月曜（祝日の場合は翌平日）、年末年始を除く9:00～17:00","34.767","137.3976"
"56","総合福祉センター　あいトピア","前畑町115","受付横","月曜（祝日の場合は翌平日）、年末年始を除く9:00～21:00","34.7652","137.4064"
"57","つつじが丘地域福祉センター","佐藤五丁目22-16","玄関ホール","月曜（祝日の場合は翌平日）、年末年始を除く9:00～17:00","34.7428","137.4054"
"58","大清水地域福祉センター","大清水町字大清水546","玄関ホール","月曜（祝日の場合は翌平日）、年末年始を除く9:00～17:00","34.6977","137.3635"
"59","桜丘高等学校","南牛川二丁目1-11","保健室（記念会堂北側）、体育教官室（体育館内）、新本館事務所（体育館北側）、３号館職員室","平日8:00～17:00","34.7748","137.4175"
"60","桜丘中学校","南牛川二丁目1-11","2階事務所前","平日8:00～17:00","34.7745","137.4187"
"61","特別養護老人ホーム　王寿園","小松原町字浜41","玄関ロビー","8:30～17:40","34.669","137.4382"
"62","豊栄ビル","広小路一丁目39","階段横壁面","6:00～22:00","34.764","137.3835"
"63","総合老人ホームつつじ荘","飯村町字高山11-65","玄関ホール奥","8:30～17:15","34.7464","137.4364"
"64","藤ノ花女子高等学校","老松町109","本館1階玄関ロビー、本館2階職員室、第2体育館教官室、藤翔館2階廊下側","平日8:30～17:00","34.7635","137.4088"
"65","少年自然の家","伊古部町字下り25-41","中央管理棟ロビー","月曜、年末年始を除く8:30～17:15","34.6637","137.3906"
"66","青少年センター","牟呂町字東里26","中央棟ロビー","月曜（祝日の場合は翌平日）、年末年始を除く9:00～22:00","34.7497","137.3717"
"67","豊橋ステーションビル　カルミア","花田町字西宿無","北館2階自由通路側出入口","10:00～21:00","34.7635","137.3825"
"68","ＪＲ豊橋駅","花田町字西宿無","【計8か所】在来線改札口、新幹線改札口、全てのプラットホーム","5:10～24:00","34.7628","137.3817"
"69","綜合運動場管理事務所","今橋町4","受付カウンター横","月曜（祝日の場合は翌平日）を除く9:00～21:00","34.7701","137.3964"
"70","株式会社中部","神野新田町字トノ割28","本社玄関","平日8:30～17:00","34.7352","137.345"
"71","愛知県立豊橋聾学校","草間町字平東100","管理棟職員室前、寄宿舎玄関","平日8:30～17:00","34.7385","137.3797"
"72","交通児童館","向山町字池下35","玄関ホール","月曜（祝日の場合は翌平日）、年末年始を除く9:00～17：00","34.7536","137.4026"
"73","愛知大学","町畑町1-1","【計6か所】守衛室（正門付近）、本館保健室前、6号館中央エントランス、図書館トイレ前、逍遥館螺旋階段登り口付近、体育研究室(体育館西側）","9:10～16:40","34.7398","137.3859"
"74","豊橋ひかり乳児院","高師町字北原1-104","医務室","8:30～17:30","34.7415","137.4122"
"75","旭小学校","旭町字旭409","体育館入口","24時間","34.7663","137.4033"
"76","芦原小学校","芦原町字嵩山地42-1","体育館入口","24時間","34.718","137.3813"
"77","東田小学校","仁連木町15","体育館入口","24時間","34.7689","137.4121"
"78","石巻小学校","石巻町字西浦16","南校舎北入口","24時間","34.7852","137.438"
"79","磯辺小学校","駒形町字丸山61","体育館入口","24時間","34.7278","137.3673"
"80","飯村小学校","飯村南四丁目6-4","体育館入口","24時間","34.7428","137.4257"
"81","岩田小学校","中岩田四丁目1-2","体育館入口","24時間","34.7575","137.4291"
"82","岩西小学校","西口町字西ノ口25-4","体育館入口","24時間","34.7387","137.4192"
"83","植田小学校","植田町字池堀田15","体育館入口","24時間","34.7114","137.3683"
"84","牛川小学校","牛川町字中郷6-1","体育館入口","24時間","34.7808","137.4168"
"85","老津小学校","老津町字宮脇15-4","体育館入口","24時間","34.6971","137.3351"
"86","大崎小学校","大崎町字西里中20-1","体育館入口","24時間","34.7178","137.3429"
"87","大清水小学校","南大清水町字元町78","体育館入口","24時間","34.6954","137.3632"
"88","大村小学校","大村町字地之神9","体育館入口","24時間","34.7901","137.397"
"89","小沢小学校","小島町字荒巻81-1","体育館入口","24時間","34.6807","137.4417"
"90","賀茂小学校","賀茂町字森信24","校舎正面玄関外側","24時間","34.8385","137.4348"
"91","下条小学校","下条東町字西浦41","玄関","24時間","34.8035","137.4151"
"92","西郷小学校","石巻萩平町字城脇164-2","体育館入口","24時間","34.8298","137.4695"
"93","栄小学校","北山町字東浦46-4","体育館入口","24時間","34.7384","137.3884"
"94","汐田小学校","牟呂町字北汐田50-1","体育館入口","24時間","34.7467","137.3628"
"95","下地小学校","下地町字宮前68","体育館入口","24時間","34.7777","137.3851"
"96","新川小学校","前田中町8-23","体育館入口","24時間","34.7597","137.3943"
"97","杉山小学校","杉山町字御園9-4","体育館入口","24時間","34.6768","137.3245"
"98","嵩山小学校","嵩山町字宮下78-1","体育館入口","24時間","34.8007","137.4722"
"99","鷹丘小学校","西小鷹野三丁目7-1","体育館入口","24時間","34.7731","137.4244"
"100","高師小学校","上野町字上原100","体育館入口","24時間","34.7207","137.3918"
"101","高根小学校","西七根町字北浜辺147-1","体育館入口","24時間","34.6718","137.4151"
"102","谷川小学校","中原町字東ノ谷1-3","体育館入口","24時間","34.7288","137.4792"
"103","玉川小学校","石巻本町字野添10","体育館入口","24時間","34.8011","137.4371"
"104","多米小学校","多米中町二丁目27-1","体育館入口","24時間","34.761","137.4503"
"105","津田小学校","横須賀町宮元3-1","体育館入口","24時間","34.7819","137.3675"
"106","つつじが丘小学校","佐藤五丁目16-1","体育館入口","24時間","34.7432","137.4035"
"107","天伯小学校","天伯町字高田山136-1","体育館入口","24時間","34.7122","137.413"
"108","豊南小学校","東赤沢町字西横根130","体育館入口","24時間","34.6609","137.363"
"109","中野小学校","橋良町字向山6-4","体育館下（ピロティー）","24時間","34.7409","137.3783"
"110","野依小学校","野依町字諏訪125","体育館入口","24時間","34.6985","137.3886"
"111","八町小学校","八町通五丁目5","体育館入口","24時間","34.7673","137.3983"
"112","花田小学校","西羽田町247","体育館入口","24時間","34.7608","137.374"
"113","羽根井小学校","羽根井本町131","体育館入口","24時間","34.7578","137.3786"
"114","福岡小学校","橋良町字平野1-1","体育館入口","24時間","34.7425","137.3823"
"115","富士見小学校","富士見台二丁目1-5","体育館入口","24時間","34.6818","137.3576"
"116","二川小学校","二川町字北裏80","体育館入口","24時間","34.7262","137.4498"
"117","二川南小学校","大岩町字前荒田145-2","体育館入口","24時間","34.7142","137.4488"
"118","細谷小学校","細谷町字中ノ島47-1","南校舎玄関前","24時間","34.6863","137.4686"
"119","前芝小学校","前芝町字西堤30","体育館入口","24時間","34.7865","137.34"
"120","松葉小学校","大橋通三丁目107","体育館入口","24時間","34.7687","137.3817"
"121","松山小学校","西松山町42","体育館入口","24時間","34.7591","137.3875"
"122","幸小学校","西幸町字笠松183","体育館入口","24時間","34.731","137.4071"
"123","向山小学校","向山西町5-1","体育館入口","24時間","34.7595","137.4032"
"124","牟呂小学校","牟呂中村町1-4","体育館入口","24時間","34.7508","137.358"
"125","豊小学校","西岩田五丁目6-1","体育館入口","24時間","34.752","137.4204"
"126","吉田方小学校","吉川町118","体育館入口","24時間","34.7714","137.3641"
"127","石巻中学校","石巻本町字出口1","体育館入口","24時間","34.8058","137.4412"
"128","五並中学校","細谷町字北芋ヶ谷30-44","体育館入口","24時間","34.6843","137.4537"
"129","章南中学校","老津町字宮脇15-2","本館玄関横","24時間","34.6957","137.3347"
"130","青陵中学校","牛川町字洗島108-1","体育館入口","24時間","34.7752","137.4117"
"131","高師台中学校","西幸町字浜池328","体育館入口","24時間","34.7235","137.4074"
"132","高豊中学校","伊古部町字原24-1","体育館入口","24時間","34.6661","137.3752"
"133","中部中学校","舟原町154","体育館入口","24時間","34.7633","137.3989"
"134","東部中学校","飯村北四丁目1-2","体育館入口","24時間","34.7481","137.4275"
"135","東陽中学校","岩崎町字野田1-2","体育館入口","24時間","34.7547","137.4422"
"136","東陵中学校","牛川町字乗小路32-35","体育館入口","24時間","34.7753","137.4346"
"137","豊岡中学校","中岩田一丁目5-2","体育館入口","24時間","34.7549","137.4229"
"138","南部中学校","北山町字東浦1-4","体育館入口","24時間","34.7372","137.3882"
"139","南陽中学校","駒形町字南欠下1-1","体育館・武道場棟１階入口","24時間","34.7334","137.3641"
"140","南稜中学校","植田町字的場50","体育館入口","24時間","34.7104","137.3685"
"141","羽田中学校","西羽田町43-1","体育館入口","24時間","34.7591","137.3706"
"142","二川中学校","二川町字西向山41-10","体育館入口","24時間","34.7162","137.4499"
"143","豊城中学校","今橋町2-1","体育館入口","24時間","34.77","137.3911"
"144","北部中学校","下地町字長池1","体育館入口","24時間","34.7822","137.3852"
"145","本郷中学校","高師本郷町字竹ノ内90-1","体育館入口","24時間","34.7156","137.3961"
"146","前芝中学校","前芝町字塩見1","体育館入口","24時間","34.7868","137.3383"
"147","牟呂中学校","神野新田町字イノ割1-3","体育館入口","24時間","34.7488","137.3508"
"148","吉田方中学校","高洲町字長弦73-1","体育館入口","24時間","34.7703","137.3506"
"149","豊橋市立家政高等専修学校","老津町字西高縄78","職員玄関","平日8:30～17:15","34.6903","137.3361"
"150","豊橋市立豊橋高等学校","東郷町43-1","2階体育館入口、職員玄関","8:30～21:15（土日及び学校閉校日を除く）","34.7668","137.4102"
"151","ホテルアソシア豊橋","花田町字西宿無","フロントカウンター","24時間","34.7635","137.3827"
"152","松葉保育園","北島町字北島88","事務室","平日8:00～18:00","34.7737","137.3775"
"153","東観音寺保育園","小松原町字坪尻14-2","事務室前","平日8:00～18:00（土曜は13:00まで）","34.683","137.439"
"154","ディサービスセンターつばめ","牟呂大西町18-15","多目的ホール","8:30～17:30（日曜日、8月13日～15日、12月30日～1月3日を除く）","34.7535","137.3549"
"155","精文館書店","広小路一丁目6","東側入口右側柱","10:00～21:00","34.7645","137.3837"
"156","名宝曙店","曙町字若松111","景品カウンター","9:00～22:45","34.7289","137.4005"
"157","名宝柱店","牟呂町字松崎30","会員ブース横","9:00～23:00","34.751","137.3732"
"158","プレイランド名宝","牛川薬師町79-1","東側入口1階","9:00～23:00","34.7726","137.4129"
"159","賀茂保育園","賀茂町字宗末1-4","事務室","平日7:30～18:30","34.8371","137.435"
"160","名宝大清水店","南大清水町字富士見722-3","景品カウンター","9:00～23:00","34.6855","137.3616"
"161","愛知県赤十字血液センター豊橋事業所","東脇三丁目4-1","玄関ホール待合室","日曜・祝日を除く8:40～17:10","34.7531","137.3721"
"162","コーヒーショップ　プルマン","南小池町157","カウンター下","月曜、第3火曜を除く8:00～18:00","34.7461","137.388"
"163","旭精機株式会社","賀茂町字天神前3-7","食堂、製造事務所","平日8:00～16:45","34.8401","137.4415"
"164","豊橋綜合自動車学校","藤並町字藤並85-3","事務所","8:30～20:30","34.7272","137.4233"
"165","シンフォニアテクノロジー株式会社豊橋製作所","三弥町字元屋敷150","正門守衛所","8:15～16:45","34.72","137.4595"
"166","日東電工株式会社豊橋事業所","中原町字平山18","【計12か所】正門保安室、第1工場、SCMセンター、ビッグタートル、研究門保安室、研究棟、第14工場（2箇所）、ＴＩＣ（2箇所）、防災センター、アネックス","24時間","34.7194","137.4803"
"167","株式会社アイセロ","石巻本町字越川45","正門守衛所（カウンター横）","24時間","34.7845","137.4347"
"168","グランドパシフィックスポーツ倶楽部","西小鷹野四丁目2-8","フロント","火曜～土曜10:00～22:00、日曜10:00～19:00","34.7744","137.4222"
"169","株式会社デンソー豊橋製作所","明海町3-23","正門保安詰所","24時間","34.7087","137.3271"
"170","豊橋信用金庫　本店営業部","小畷町579","ロビー（接客コーナー）","平日9:00～15:00","34.7584","137.3962"
"171","豊橋信用金庫　中央支店","神明町68","ロビー（相談カウンター奥）","平日9:00～15:00","34.7635","137.3903"
"172","豊橋信用金庫　お客様相談所","駅前大通一丁目6","事務室","平日（水曜を除く）9:00～17:30、土日祝9:00～17:00","34.7636","137.3841"
"173","豊橋信用金庫　東支店","八町通五丁目35","ロビー","平日9:00～15:00","34.7661","137.3981"
"174","豊橋信用金庫　牛川支店","牛川通二丁目6-6","ロビー","平日9:00～15:00","34.7779","137.4174"
"175","豊橋信用金庫　井原支店","平川町4","ロビー（相談カウンター）","平日9:00～15:00","34.7636","137.4228"
"176","豊橋信用金庫　二川支店","二川町字南裏38-1","ロビー（接客コーナー）","平日9:00～15:00","34.7216","137.451"
"177","豊橋信用金庫　下地支店","下地町字瀬上71-1","ロビー（相談カウンター奥）","平日9:00～15:00","34.7759","137.3869"
"178","豊橋信用金庫　吉田方支店","新栄町字南小向80-1","ロビー","平日9:00～15:00","34.7669","137.3661"
"179","豊橋信用金庫　牟呂支店","東脇四丁目21-10","ロビー","平日9:00～15:00","34.7503","137.3604"
"180","豊橋信用金庫　小池支店","小池町字原下83-8","ロビー","平日9:00～15:00","34.7494","137.3871"
"181","豊橋信用金庫　南栄支店","南栄町字空池68","ロビー（接客コーナー）","平日9:00～15:00","34.733","137.3837"
"182","豊橋信用金庫　向ケ丘支店","植田町字西ヶ谷88-1","ロビー","平日9:00～15:00","34.7033","137.3655"
"183","豊橋信用金庫　三本木支店","三本木町字新三本木46-11","ロビー","平日9:00～15:00","34.7244","137.3956"
"184","豊橋信用金庫　幸支店","西幸町字笠松195-4","ロビー","平日9:00～15:00","34.7329","137.4053"
"185","株式会社石田商店","東赤沢町字東横根118","事務所","平日8:30～17:30","34.6626","137.3689"
"186","ユタカ自動車学校","中野町字平北80","待合室","9:00～18:00","34.7391","137.3779"
"187","バロー豊橋ショッピングセンター","前田南町二丁目17-2","2階スポーツクラブアクトス店内、1階下りエスカレーター横","10:00～21:00","34.7541","137.3933"
"188","エディオン豊橋店","前田南町一丁目6-1","エントランスホール","10:00～21:00","34.7572","137.3937"
"189","豊橋市民文化会館","向山大池町20-1","管理事務所前","第3月曜（祝日の場合は翌平日）、年末年始を除く9:00～21:00","34.7562","137.4054"
"190","公会堂","八町通二丁目22","事務室","第3月曜（祝日の場合は翌平日）、年末年始を除く9:00～21:00","34.7679","137.3924"
"191","三の丸会館","今橋町3-1","玄関","第3月曜（祝日の場合は翌平日）、年末年始を除く9:00～17:00","34.7706","137.3946"
"192","ライフポートとよはし","神野ふ頭町3-22","コンサートホールロビー男性トイレ側","第3月曜（祝日の場合は翌平日）、年末年始を除く9:00～21:00","34.7326","137.3348"
"193","パシフィックスポーツ倶楽部豊橋","上野町字新上野52","事務所","月曜～土曜9:00～21:00","34.7264","137.3872"
"194","協和医科器械株式会社豊橋支店","東新町85","事務所","平日9:00～17:30","34.7627","137.4042"
"195","ホリデイスポーツクラブ豊橋","中野町字平北80","フロント","平日（金曜を除く）・土曜10:00～24:00、日曜祝日10:00～21:00","34.7379","137.3777"
"196","アピタ向山店","向山町字中畑1-1","サービスカウンター前（中央階段・エスカレーター北側）","9:00～21:00","34.7546","137.4017"
"197","サーラスポーツクラブ豊橋店","中岩田二丁目8-1","2階フロント","平日9:00～22:30、土曜10:00～22:30、日曜祝日10:00～19:00（第2・4日曜、年末年始、夏季、GWを除く）","34.7538","137.4247"
"198","介護老人保健施設　赤岩荘","多米町字大門10","多目的室前","8:30～17:30","34.7637","137.4452"
"199","グループホーム　エバグリーン","多米町字大門10","玄関ホール","8:30～17:30","34.763","137.446"
"200","株式会社デンソー　豊橋東製作所","原町字南山1-323","正門守衛所、202工場柱No.6休憩所","8:40～17:25（守衛所は24時間）","34.7054","137.4858"
"201","ゴルフクラブ　ハーバービュー","神野新田町字ロノ割61-1","フロント","6:00～23:00","34.7442","137.3526"
"202","介護老人保健施設　みのり","大村町字山所77","1階事務室","8:30～17:30","34.7889","137.3922"
"203","オーギヤグループ　OGIYAスロット大清水店","大清水町字大清水51-1","景品カウンター","9:00～23:00","34.6985","137.3595"
"204","さくら歯科クリニック","前田南町一丁目2-3","受付","平日（木曜を除く）9:00～19:00、土曜9:00～17:00","34.7581","137.3933"
"205","石巻保育園","石巻町字奥屋敷10","事務室","平日8:00～16:00","34.7851","137.44"
"206","木村歯科医院","小島町字荒巻152-1","診察室","水曜・日曜・祝日を除く7:00～20:00","34.6796","137.4419"
"207","みどり保育園","石巻平野町字中野田103-1","事務所","平日8:00～16:00","34.8303","137.4689"
"208","嵩山保育園","嵩山町字宮下78","事務室","平日8:00～16:00","34.8009","137.4714"
"209","豊橋信用金庫　問屋町支店","問屋町15-1","ロビー","平日9:00～15:00","34.7621","137.3363"
"210","歯科医師会館","中野町字中原100-5","保健室","平日8:45～17:00","34.7336","137.3726"
"211","豊橋信用金庫　岩西支店","岩屋町字岩屋下29-73","ロビー","平日9:00～15:00","34.7373","137.4237"
"212","豊橋信用金庫　研修会館","岩田町字北郷中5-4","ロビー","平日9:00～17:30","34.7603","137.4315"
"213","豊橋信用金庫　岩田支店","東岩田三丁目1-11","ロビー","平日9:00～15:00","34.7542","137.4305"
"214","豊橋信用金庫　東田支店","東雲町29-1","ロビー","平日9:00～15:00","34.7655","137.4105"
"215","豊橋信用金庫　向山支店","向山町字中畑11-1","ロビー","平日9:00～15:00","34.7555","137.4021"
"216","豊橋信用金庫　藤沢支店","潮崎町63-2","ロビー","平日9:00～15:00","34.7433","137.3696"
"217","豊橋信用金庫　西支店","花田町字小松172","ロビー","平日9:00～15:00","34.7598","137.3684"
"218","特別養護老人ホーム　真寿苑","牟呂町字東明治郷下1","医務室","9:00～17:00","34.7536","137.3519"
"219","特別養護老人ホーム　喜寿苑","前芝町字加藤381-2","医務室","9:00～17:00","34.7794","137.3452"
"220","日本放送協会　名古屋拠点放送局豊橋支局","今橋町1-3","1階事務室","土・日・祝・年末年始を除く9:30～18:00","34.7686","137.3923"
"221","豊橋農業協同組合　本店","野依町字西川5","入口付近","平日9:00～16:00","34.705","137.3854"
"222","豊橋農業協同組合　中央支店","野依町字西川5","入口付近","平日9:00～15:00","34.705","137.3854"
"223","豊橋農業協同組合　高豊支店","伊古部町字東荒子195","入口付近","平日9:00～15:00","34.6668","137.3898"
"224","豊橋農業協同組合　いなみ支店","細谷町字近見山40-1","入口付近","平日9:00～15:00","34.6842","137.4557"
"225","豊橋農業協同組合　二川支店","雲谷町字ハシズメ3-78","入口付近","平日9:00～15:00","34.7257","137.4583"
"226","豊橋農業協同組合　高師原支店","浜道町字沢東7-1","1階土間","平日9:00～15:00","34.7202","137.4109"
"227","豊橋農業協同組合　福岡支店","鴨田町44","入口付近","平日9:00～15:00","34.749","137.3854"
"228","豊橋農業協同組合　磯辺支店","中野町字野中40","入口付近","平日9:00～15:00","34.7313","137.3709"
"229","豊橋農業協同組合　大津支店","老津町字薬師前64-1","ロビー奥","平日9:00～15:00","34.7007","137.3398"
"230","日本郵便株式会社　豊橋郵便局","神明町106","時間外窓口付近","8：00～22：00","34.7626","137.3904"
"231","豊橋農業協同組合　西支店","牟呂公文町12-1","入口付近","平日9:00～15:00","34.753","137.3599"
"232","豊橋農業協同組合　吉田方支店","菰口町六丁目32","ＡＴＭコーナー付近","平日9:00～15:00","34.7721","137.3702"
"233","豊橋農業協同組合　前芝支店","前芝町字堤上121-1","入口付近","平日9:00～15:00","34.7838","137.3388"
"234","豊橋農業協同組合　津田支店","下五井町字甚太前5","入口付近","平日9:00～15:00","34.7865","137.3726"
"235","豊橋農業協同組合　大村支店","大村町字松浦13","入口付近","平日9:00～15:00","34.7899","137.3993"
"236","豊橋農業協同組合　東田支店","東郷町8","入口付近","平日9:00～15:00","34.7675","137.4101"
"237","豊橋農業協同組合　岩田支店","中岩田二丁目7-3","入口付近","平日9:00～15:00","34.7538","137.424"
"238","豊橋農業協同組合　石巻支店","石巻本町字東野14-4","入口付近","平日9:00～15:00","34.8023","137.441"
"239","豊橋農業協同組合　北支店","石巻西川町字道上81","ＡＴＭコーナー付近","平日9:00～15:00","34.8387","137.4546"
"240","金子歯科医院","弥生町字中原68-1","診療室内","木曜・日曜・祝日を除く9:00～18:30","34.7331","137.3926"
"241","往完町歯科","往完町字往還西71","診療室内","木曜・日曜・祝日を除く9:00～18:00","34.7561","137.3707"
"242","曽我歯科医院","高師町字西沢42","診察室No.4","木曜・日曜・祝日を除く9:00～18:00","34.7248","137.3855"
"243","ウチダ歯科","飯村南四丁目7-1","診療室内","木曜・日曜・祝日を除く9:00～18:30","34.7423","137.4268"
"244","向山歯科","向山大池町8-4","診療室内","木曜・日曜・祝日を除く9:00～19:00、土曜は17：30まで","34.7576","137.405"
"245","みやもと歯科","前田南町二丁目14-15","診療室内","日曜・祝日を除く9:00～19:00、木曜12:30まで、土曜17:00まで","34.7525","137.3962"
"246","しばやま歯科クリニック","池見町67","診療室内","木曜・日曜・祝日を除く9:00～19:00、土曜は17：00まで","34.7618","137.4119"
"247","あさひな歯科","小向町字蜂ヶ尻39-1","待合室","日曜・祝日を除く9:30～19:00","34.765","137.3559"
"248","おかもと歯科医院","天伯町字天伯117-2","診療室内","日曜・祝日を除く9:00～20:00、木曜・土曜は18：00まで","34.7097","137.4089"
"249","近藤歯科医院","花田二番町158","受付","木曜・日曜・祝日を除く9:30～19:00","34.7633","137.3769"
"250","蒲郡信用金庫　豊橋支店","広小路二丁目6-2","ＡＴＭコーナー","8:00～21:00","34.7642","137.3864"
"251","蒲郡信用金庫　花田支店","花田一番町78","ＡＴＭコーナー","8:00～21:00","34.7629","137.3789"
"252","蒲郡信用金庫　曙支店","曙町字測点145","ＡＴＭコーナー","平日8:45～19:00、土日祝9:00～17:00","34.7271","137.4009"
"253","安形歯科医院","牟呂町字百間58","受付","木曜・日曜・祝日を除く9:00～19:00","34.7472","137.3667"
"254","すぎうら歯科","菰口町五丁目15-1","診療室内","水曜・日曜・祝日を除く9:30～18:00","34.7713","137.3679"
"255","山口歯科","前田町一丁目7-18","診療室内","木曜・日曜・祝日を除く9:00～19:00","34.7621","137.3948"
"256","豊川信用金庫　豊橋支店","新吉町41-3","ロビー","平日9:00～15:00","34.7627","137.3937"
"257","豊川信用金庫　三ノ輪支店","伝馬町169","ロビー","平日9:00～15:00","34.7563","137.4101"
"258","豊川信用金庫　藤沢支店","柱六番町138-1","ロビー","平日9:00～15:00","34.7467","137.3731"
"259","伊藤歯科医院","町畑町字森田69","診察室","木曜・日曜・祝日を除く9:00～12:00、14：00～18：00","34.7359","137.3873"
"260","松井歯科医院","野依台一丁目34-1","待合室","木曜・日曜・祝日を除く9:15～19:00","34.6982","137.3739"
"261","穂の国とよはし芸術劇場　プラット","西小田原町123","運営管理事務室","第3月曜（祝日の場合は翌平日）、12/29～1/1を除く9:00～22:00","34.7609","137.384"
"262","小間歯科医院","札木町94","診療室（中央棚）","木曜・日曜・祝日を除く9:30～19:00","34.7666","137.3892"
"263","はる歯科クリニックはまみち","浜道町字北側84-1","カウンセリングコーナー","水曜・日曜・祝日を除く9:00～19:00","34.7226","137.4039"
"264","マックスバリュ豊橋橋良店","橋良町字向山20-1","サービスカウンター内","24時間","34.7398","137.3802"
"265","かとうファミリー歯科","東岩田三丁目9-8","受付","木曜・日曜・祝日を除く9:30～18:00","34.7538","137.4316"
"266","わたつ橋歯科医院","高洲町字高洲159","受付","木曜・日曜・祝日を除く9:30～18:30","34.7732","137.3524"
"267","柴本歯科クリニック","小向町字下野11","診察室","木曜・日曜・祝日を除く9:00～18:30、水曜・土曜は16：00まで","34.7683","137.3564"
"268","巻田歯科医院","西小鷹野三丁目5-6","診療室","日曜・祝日を除く9:00～19:00、木曜は午前のみ","34.7738","137.4233"
"269","山本歯科医院","下地町二丁目30","受付","木曜・日曜・祝日を除く9:00～19:00","34.7756","137.3844"
"270","はた眼科クリニック","飯村北一丁目12-8","待合室","日曜・祝日を除く9:00～18:00、土曜は13:00まで","34.7472","137.4179"
"271","鈴木歯科医院","中柴町65","スタッフルーム","日曜・祝日を除く9:00～18:00、水曜は午前のみ","34.7606","137.3897"
"272","しばもと歯科","西幸町字幸86-1","受付","木曜・日曜・祝日を除く9:00～18:00、土曜は16:00まで","34.7328","137.4084"
"273","アサヒサンクリーンデイサービスセンター","小畷町383","デイルーム","7:45～18:15","34.7588","137.3944"
"274","おおすみ歯科","南大清水町字元町400-1","玄関","木曜・日曜・祝日を除く9:00～19:00、土曜は17：00まで","34.6924","137.3654"
"275","アイプラザ豊橋","草間町字東山143-6","総合案内","第3月曜（祝日の場合は翌平日）、12/29～1/1を除く9:00～22:00","34.7326","137.381"
"276","中島歯科医院","南牛川一丁目8-10","診療室内","木曜・日曜・祝日を除く9:00～19:00","34.7736","137.4177"
"277","北島デイサービスセンター光風","北島町字北島81-1","事務室カウンター","8:30～17:30","34.7729","137.3769"
"278","清水歯科クリニック","豊岡町146","受付","木曜・日曜・祝日を除く9:00～19:00","34.7575","137.4222"
"279","愛知県立豊丘高等学校","豊岡町74","玄関横","平日8:30～17:00","34.7571","137.4202"
"280","愛知県立豊橋南高等学校","南大清水町字元町450","本館玄関前","平日8:30～17:00","34.6907","137.36"
"281","愛知県立時習館高等学校","富本町","本館保健室前、第1グラウンド体育器具庫横","平日8:15～16:45","34.7388","137.3839"
"282","コナミスポーツクラブ豊橋","向山町字川北15-1","フロント前","平日9:30～23:30、土曜・祝日9:30～20:00、日曜10:00～18:00","34.7505","137.4002"
"283","愛知県立豊橋工業高等学校","草間町官有地","本館と普通棟の間の1階昇降口、機械科棟前通路","平日8:30～21:45","34.7386","137.3818"
"284","岩屋キャノンボール","岩屋町字岩屋下48-1","フロント","10:00～23:00","34.7329","137.4249"
"285","豊橋平安寮","船渡町字城戸中4-1","医務・静養室","24時間","34.722","137.3452"
"286","株式会社三光製作所","佐藤一丁目12-3","本社事務所内（タイムカード横）","8:00～16:55","34.7475","137.403"
"287","有限会社中央葬祭","前田町二丁目1-10","事務所出入口付近","8:00～17:00","34.7618","137.3988"
"288","蒲郡信用金庫　岩田支店","中岩田二丁目1-6","ＡＴＭコーナー","8:00～21:00","34.753","137.4228"
"289","アクアヴィータプール＆スパ","向山町字一本松1-1","スタッフ事務所","10:00～23:00、土曜は21:00まで","34.7565","137.3981"
"290","蒲郡信用金庫　前田南支店","前田南町二丁目7-1","ＡＴＭコーナー","8:00～21:00","34.7555","137.3937"
"291","蒲郡信用金庫　東田支店","上地町140-2","ＡＴＭコーナー","8:00～21:00","34.7654","137.4162"
"292","二川地区市民館","大岩町字東郷内111-1","玄関（屋外）","24時間","34.7252","137.448"
"293","豊岡地区市民館","西岩田四丁目2-9","玄関（屋外）","24時間","34.7548","137.4192"
"294","東陽地区市民館","多米中町一丁目6-1","玄関（屋外）","24時間","34.7596","137.4426"
"295","青陵地区市民館","南牛川二丁目4-1","事務室前","月曜、年末年始を除く9:00～21:00","34.7757","137.4182"
"296","杉山地区市民館","杉山町字孝仁11","玄関（屋外）","24時間","34.6779","137.3245"
"297","石巻地区市民館","石巻本町字市場110","玄関（屋外）","24時間","34.8027","137.4391"
"298","羽根井地区市民館","羽根井本町131","玄関（屋外）","24時間","34.7571","137.379"
"299","吉田方地区市民館","高洲町字高洲122-7","玄関（屋外）","24時間","34.7716","137.3531"
"300","五並地区市民館","細谷町字上大附98-9","玄関（屋外）","24時間","34.6875","137.4644"
"301","牟呂地区市民館","東脇二丁目8-23","玄関（屋外）","24時間","34.752","137.3614"
"302","高豊地区市民館","伊古部町字多岸田302","玄関（屋外）","24時間","34.6657","137.3827"
"303","北部地区市民館","大村町字仲川原48-5","玄関（屋外）","24時間","34.782","137.3942"
"304","南部地区市民館","北山町95-1","玄関外側","24時間","34.737","137.3995"
"305","豊城地区市民館","今橋町16","事務室","月曜、年末年始を除く9:00～21:00","34.7702","137.3993"
"306","中部地区市民館","東松山町23（中消防署6階）","6階エレベーターホール","月曜、年末年始を除く9:00～21:00","34.7588","137.3914"
"307","高師台地区市民館","西幸町字浜池332-2","玄関（屋外）","24時間","34.724","137.4098"
"308","東部地区市民館","岩屋町字岩屋下66-1","玄関（屋外）","24時間","34.7369","137.4213"
"309","東部地区市民館　飯村分館","飯村南四丁目6-3","玄関（屋外）","24時間","34.7422","137.4261"
"310","南陽地区市民館","草間町字平東89","玄関横外壁","24時間","34.7377","137.3788"
"311","本郷地区市民館","浜道町字桜50-7","事務室前","月曜、年末年始を除く9:00～21:00","34.7194","137.4007"
"312","東陵地区市民館","牛川町字乗小路32-31","玄関（屋外）","24時間","34.7742","137.4342"
"313","蒲郡信用金庫　牟呂支店","東脇2丁目16-15","ＡＴＭコーナー","8:00～21:00","34.7504","137.3598"
"314","蒲郡信用金庫　南栄支店","南栄町字空池59-4","ＡＴＭコーナー","平日8:00～21:00、土日祝9:00～17:00","34.734","137.3845"
"315","北河建設興業（株）リバーサイドステーション北河　","清須町字兵庫88","北河石油サービスルーム","7:30～18:30","34.7793","137.3482"
"316","有料老人ホーム　銀の家","曙町字測点188","2階介護センター","24時間","34.7271","137.3988"
"317","大羽精研株式会社","寺沢町字深沢170","A3工場前通路","24時間（工場が開いている時のみ）","34.6891","137.4263"
"318","名宝西口店","西口町字土橋1-3","レストコーナー柱","9:00～23:00","34.7415","137.4192"
"319","名宝飯村店","飯村北三丁目1-1","レストスペース壁面","9:00～23:00","34.7472","137.4231"
"320","神野建設株式会社　本社","神野新田町字コノ割9-1","玄関ロビー","8:20～17:00","34.7526","137.3357"
"321","神野建設株式会社　三河港事務所","神野ふ頭町1-1","玄関","8:20～17:00","34.7311","137.3384"
"322","大清水まなび交流館　ミナクル","大清水町字彦坂10-7","玄関（屋外）","24時間","34.7007","137.3617"
"323","岩田総合球技場　豊橋市民クラブハウス　","岩田町1-2","ホール内西側","月曜（祝日の場合は翌平日）、年末年始を除く9:00～21:00","34.7585","137.4243"
"324","岩田総合球技場　豊橋市民球場","岩田町1-2","玄関ホール内右側、本部救護室","玄関ホール内右側：月曜（祝日の場合は翌平日）、年末年始を除く9:00～17:00、本部救護室：利用者がいる場合のみ","34.7579","137.4245"
"325","岩田総合球技場　豊橋市民球技場","岩田町1-2","役員室","球技場利用者がいる場合のみ","34.7576","137.4229"
"326","石巻地区体育館","石巻本町字出口7-1","ホール内南側","月曜（祝日の場合は翌平日）、年末年始を除く9:00～21:00","34.8075","137.44"
"327","下五井地区体育館","下五井町南田37","ホール内東側","月曜（祝日の場合は翌平日）、年末年始を除く9:00～21:00","34.784","137.3713"
"328","セブンイレブン豊橋東森岡１丁目店","東森岡一丁目11-16","カウンター内","24時間　　※参考:自治会所有のＡＥＤをコンビニに設置（豊橋市　初）","34.7853","137.431"
"329","前芝校区市民館","前芝町字塩見5-1","事務室","月曜、年末年始を除く9:00～21:00","34.7867","137.3377"
"330","蒲郡信用金庫　鷹丘支店","忠興一丁目5-17","ＡＴＭコーナー","8:00～21:00","34.7745","137.4304"
"331","蒲郡信用金庫　大清水支店","南大清水町字元町215-1","ＡＴＭコーナー","8:00～21:00","34.6934","137.3619"
"332","前田南地区体育館","前田南町二丁目19-8","ホール内トイレ前","月曜（祝日の場合は翌平日）、年末年始を除く9:00～21:00","34.7532","137.3947"
"333","新栄地区体育館","新栄町字大溝63","ホール内事務室ドア横","月曜（祝日の場合は翌平日）、年末年始を除く9:00～21:00","34.7626","137.3638"
"334","牛川地区体育館","牛川町字田ノ上21-6","ホール内事務室前","月曜（祝日の場合は翌平日）、年末年始を除く9:00～21:00","34.7772","137.4132"
"335","草間地区体育館","草間町字平東89","ホール内","月曜（祝日の場合は翌平日）、年末年始を除く9:00～21:00","34.7374","137.3789"
"336","飯村地区体育館","飯村北一丁目3-1","ホール内事務室前","月曜（祝日の場合は翌平日）、年末年始を除く9:00～21:00","34.7463","137.4165"
"337","二川地区体育館","二川町字西向山41-10","ホール内事務室前","月曜（祝日の場合は翌平日）、年末年始を除く9:00～21:00","34.7161","137.4508"
"338","大清水地区体育館","大清水町字大清水539-1","ホール内南側","月曜（祝日の場合は翌平日）、年末年始を除く9:00～21:00","34.6975","137.3641"
"339","万場調整池庭球場","東赤沢町字滝下461-1","ホール内事務所受付横","月曜（祝日の場合は翌平日）、年末年始を除く9:00～17:00","34.6724","137.3606"
"340","総合体育館","神野新田町字メノ割1-3","ホール内事務室前","月曜（祝日の場合は翌平日）、年末年始を除く9:00～21:00","34.7586","137.3248"
"341","武道館","今橋町4","ホール内事務室前","月曜（祝日の場合は翌平日）、年末年始を除く9:00～21:00","34.7711","137.3986"
"342","ファミリーマート豊橋石巻平野町店（サブステーション）","石巻平野町字炭焼2-10","店内","24時間","34.8289","137.47"
"343","ファミリーマート豊橋賀茂町店（サブステーション）","賀茂町字森信42-7","店内","24時間","34.8388","137.4358"
"344","ファミリーマート豊橋長瀬町店（サブステーション）","長瀬町字郷西46-1","店内","24時間","34.7944","137.3978"
"345","ファミリーマート豊橋細谷町店（サブステーション）","細谷町字中尾159-3","店内","24時間","34.6838","137.4626"
"346","ファミリーマート豊橋天伯町店（サブステーション）","天伯町字六ツ美96-5","店内","24時間","34.6983","137.415"
"347","セブンイレブン豊橋伊古部店（サブステーション）","伊古部町字東荒子192-1","店内","24時間","34.6664","137.389"
"348","セブンイレブン豊橋杉山町店（サブステーション）","杉山町字天津前16-1","店内","24時間","34.6889","137.3245"
"349","株式会社明輝クリーナー　本社","若松町字中山101-34","事務所2階入口付近","5:00～20:00","34.6816","137.3902"
"350","株式会社明輝クリーナー　原町工場","原町字南山1-99","事務所受付カウンター横","8:00～17:00","34.7034","137.4881"
"351","株式会社大仙　本社","下地町字柳目8","玄関ホール","8:00～17:00","34.7876","137.3846"
"352","株式会社大仙　物流センター","山田三番町86-91","1階事務所入口付近","平日8:00～17:00","34.7412","137.4001"
"353","中消防署（サブステーション）","東松山町23","玄関","24時間","34.759","137.3911"
"354","中消防署東分署（サブステーション）","中岩田二丁目7-4","玄関","24時間","34.7539","137.4245"
"355","中消防署前芝出張所（サブステーション）","日色野町字新切46-1","風除室（屋内）","24時間","34.7828","137.3444"
"356","中消防署石巻出張所（サブステーション）","石巻本町字野添136","玄関","24時間","34.7994","137.4342"
"357","南消防署（サブステーション）","曙町字南松原118","玄関","24時間","34.7272","137.402"
"358","南消防署西分署（サブステーション）","東脇一丁目1-8","玄関","24時間","34.7552","137.3683"
"359","南消防署二川出張所（サブステーション）","二川町字道賢田46-3","玄関","24時間","34.7185","137.4559"
"360","南消防署大清水出張所（サブステーション）","大清水町字娵田5-3","玄関","24時間","34.706","137.3541"
"361","愛知県共済生活協同組合　豊橋事務所","柱三番町14-1","ロビー中央","9:00～17:00","34.7487","137.378"
"362","住宅型有料老人ホーム　つむぎ","飯村町字高山209-10","玄関","24時間","34.7444","137.4355"
"363","NCTフロンティア　豊橋営業所","藤沢町57","倉庫検査室前","平日9:00～17:30","34.7466","137.3712"
"364","丸トポートリー食品株式会社","牟呂町字扇田14","事務所玄関奥","平日8:00～17:10","34.7522","137.3794"
"365","蒲郡信用金庫　旭支店","舟原町1-1","ＡＴＭコーナー","8:00～21:00","34.7641","137.4016"
"366","蒲郡信用金庫　飯村支店","飯村南二丁目29-11","ＡＴＭコーナー","8:00～21:00","34.7441","137.4245"
"367","蒲郡信用金庫　二川支店","大脇町字大脇53-17","ＡＴＭコーナー","8:00～21:00","34.7269","137.4546"
"368","東海交通株式会社　本社","大橋通二丁目101","玄関ロビー","9:00～17:30","34.7666","137.3809"
"369","東海交通株式会社　岩屋営業所","岩屋町字岩屋西5-1","階段入口","5:00～20:00","34.7393","137.4233"
"370","東海交通株式会社　高洲営業所","高洲町字高洲10","玄関ロビー","24時間","34.7697","137.3554"
"371","東海交通株式会社　ふれあい東海","花田町字百北82-84合併地1","玄関ロビー","9:00～17:30","34.7662","137.3759"
"372","デイサービスセンター綺羅","佐藤四丁目23-1","機能訓練室","8:30～17:30","34.7402","137.4071"
"373","中央製乳株式会社","植田町字八尻12","守備室","8:00～16:45","34.7145","137.3649"
"374","貴城精工株式会社","忠興三丁目10-1","南工場内","平日8:15～17:00","34.7818","137.4319"
"375","イオンリテール株式会社　イオン豊橋南店","野依町字落合1-12","1階サービスカウンター、防災センター","8:00～22:00","34.7096","137.3881"
"376","izumoden豊橋","牛川町字郷道5-1","本館1階インフォメーション内","11:00～18:00","34.774","137.4139"
"377","蒲郡信用金庫　多米支店","多米中町一丁目1-1","ＡＴＭコーナー","8:00～21:00","34.7619","137.442"
"378","蒲郡信用金庫　橋良支店","柱二番町82","ＡＴＭコーナー","8:00～21:00","34.7455","137.3798"
"379","ABホテル豊橋","白河町85-1","ロビー","6:00～24:00","34.7602","137.3807"
"380","ジャンボエンチョー豊橋神野店","神野新田町字ロノ割188‐1","1Ｆサービスカウンター","8:00～19:00","34.7451","137.353"
"381","デイサービスセンター吉田方","小向町字北小向74","風除室","8:30～17:30","34.7684","137.3618"
"382","デイホーム安里","神野新田町字サノ割48","厨房付近","24時間","34.7566","137.3314"
"383","デイサービスなの花","神野新田町字宮前100","玄関付近","7:00～18:00","34.7396","137.3622"
"384","佐川急便株式会社　豊橋研修センター","若松町字中山277-1","1Ｆ事務室","8:00～17:00","34.6896","137.3932"
"385","豊橋合同印刷株式会社","東脇四丁目8-16","玄関","8:25～17:30（土・日・祝日及びその他会社休日を除く）","34.7505","137.3653"
"386","生活協同組合コープあいち　豊橋生協会館","牟呂町字松崎15","正面玄関ホール","9:00～18:00","34.7514","137.3735"
"387","デイサービス豊生ライフ","菰口町五丁目101","玄関付近通路","8:30～17:30","34.7695","137.3723"
"388","豊橋サイエンスコア","西幸町字浜池333-9","正面玄関","8:50～17:30","34.7215","137.4115"
"389","大東建託株式会社豊橋支店","下地町字門50","正面玄関","平日9:00～17:30","34.7807","137.3825"
"390","くすのき特別支援学校","野依町字上ノ山3-2","保健室前（外壁）、体育館出入口前（外壁）","24時間","34.7008","137.3883"
"391","豊橋信用金庫　大岩支店","大岩町字東郷内393-1","ロビー","9:00～15:00","34.7278","137.449"
"392","障害者福祉会館さくらピア","東新町15","玄関ホール","9:00～21:00","34.7628","137.4049"
"393","藤城歯科医院","西小田原町75","受付","木曜・日曜・祝日を除く9:00～18:00","34.7607","137.3849"
"394","豊橋市グリーンスポーツセンター","大岩町字火打坂21-47","管理棟談話室","月曜（祝日の場合は翌平日）、年末年始を除く9:00～17:00","34.7326","137.4264"
"395","サーラエナジー株式会社　東三河支社","神野新田町字テノ割1","正面玄関入り左側壁面","8:30～17:00","34.7567","137.3372"
"396","コンフォートホテル豊橋","大橋通一丁目98","2階ロビー","24時間","34.7652","137.383"
"397","豊橋市医師会館","中野町字中原100-3","2階事務局内","平日9:00～17:00、奇数土曜日9:00～12:30","34.7341","137.3718"
"398","豊橋ファッション・ビジネス専門学校　学園本部","旭町字旭348-3","1階職員室付近","8:00～17:00","34.7689","137.4035"
"399","豊橋ファッション・ビジネス専門学校　八町校舎","八町通五丁目19","1階事務局付近","8:00～17:00","34.7663","137.3987"
"400","豊橋准看護学校","中野町字中原100-3","1階教務室前","平日・奇数土曜日9:00～17:00","34.734","137.3719"
"401","協同組合　豊橋総合卸センター","問屋町14","1階事務局内","平日9:00～17:00","34.7629","137.3359"
"402","豊橋駅自由連絡通路","花田町字西宿","新幹線改札前","24時間","34.7627","137.3812"
"403","株式会社東海ビルメンテナンス豊橋駅地下管理室","花田町字西宿","地下1階管理室内","24時間","34.7632","137.3826"
"404","駅前大通公共駐車場第１公共駐車場","駅前大通二丁目","地下1階管理室内","7:00～23:00","34.7632","137.386"
"405","駅前大通公共駐車場第２公共駐車場","駅前大通一丁目","地下1階管理室内","5:00～24:00","34.7634","137.3838"
"406","松葉公園地下駐車場","萱町61","地下1階管理事務室内","24時間","34.767","137.3856"
"407","豊橋駅東口自転車等駐車場（南ゾーン）","駅前大通一丁目地内","地下2階管理室横","5:15～翌日1:30","34.7635","137.383"
"408","豊橋駅西口自転車等駐車場","花田一番町地内","地下2階管理室横","5:15～翌日1:30","34.7624","137.3805"
"409","二川駅南口自転車等駐車場","大岩町字佃26-3","管理室内","5:30～20:00","34.7251","137.4384"
"410","オーエスジー株式会社　豊橋工場","賀茂町字神山3-12","第一工場中央通路精密検査室横","平日8:00～16:00","34.8413","137.4459"
"411","蒲郡信用金庫　佐藤町支店","佐藤四丁目1-1","ＡＴＭ設置コーナー","8:00～21:00","34.7431","137.4074"
"412","中部電力株式会社 電力ﾈｯﾄﾜｰｸｶﾝﾊﾟﾆｰ 豊橋電力ｾﾝﾀｰ","石巻本町字東野15-1","本館1階中央階段横","平日8:30～17:10","34.8034","137.4421"
"413","株式会社シーテック　豊橋支店","横須賀町組替20-1","2階事務室内","平日8:30～17:20","34.7832","137.3767"
"414","豊橋市視聴覚教育センター・地下資源館","大岩町字火打坂19-16","事務室前","9:00～16:30","34.7294","137.4317"
"415","大三紙業株式会社","雲谷町字外ノ谷55-1","深田池工場　受付入口","8:30～17:00","34.7271","137.4661"
"416","ゆめの子幼稚園","岩崎町字山神1-11","事務所内","8:00～17:00","34.756","137.4502"
"417","イノチオホールディングス株式会社","向草間町字北新切95","館内入口付近","9:00～17:00","34.7272","137.3796"
"418","下条保育園","下条東町字古城88-2","職員室","8:40～15:40","34.8027","137.4189"
"419","高塚保育園","高塚町字笹原6","事務所（職員室）","平日7:15～18:15、土曜日7:30～13:00","34.6664","137.4005"
"420","羽田保育園","花田町字百北71-4","事務室","平日8:00～18:30","34.7651","137.3763"
"421","本多電子株式会社","大岩町字小山塚20","玄関ロビー","平日8:15～17:15","34.7195","137.4456"
"422","前芝保育園","前芝町字西堤25","事務所内","平日7:30～18:30、土曜日8:00～12:30","34.7858","137.3402"
"423","有楽製菓株式会社　豊橋夢工場","原町字蔵社88","事務所内","8:00～17:10","34.7133","137.4815"
"424","花ケ崎保育園","羽根井本町10","事務所内","7:30～19:00","34.7592","137.3764"
"425","谷川保育園","中原町字東荒神34-1","事務所内","7:15～18:15","34.7274","137.474"
"426","牛川育英幼稚園","牛川町字浪ノ上10","職員室","8:00～17:00","34.7854","137.4237"
"427","青山建設株式会社","東新町245","受付フロント","8:00～17:00","34.7641","137.4031"
"428","トヨタネ株式会社　本社","向草間町字北新切12-1","玄関ロビー右側","8:15～17:15","34.7256","137.3782"
"429","トヨタネ株式会社　研究農場","東高田町371","玄関ホール左側","8:15～17:15","34.7098","137.4308"
"430","福岡保育園","町畑町字森田48","事務所内","7:30～18:30","34.7393","137.3861"
"431","豊橋ケーブルネットワーク株式会社　ティーズ","小畷町596","新館 接客ルーム","9:00～18:00","34.758","137.3957"
"432","吉田方保育園","吉川町125-2","職員室","7:00～19:00","34.772","137.3644"
"433","牛川保育園","牛川町字中郷2-10","事務所","平日7:30～18:00、土曜日7:30～12:30","34.7799","137.4154"
"434","柱保育園","柱七番町163-3","事務所","7:30～18:00","34.7444","137.3758"
"435","吉田方西保育園","小向町字西小向5","医務室","平日7:15～19:15、土曜日7:30～15:00","34.7676","137.3582"
"436","まちのオアシス　グループホーム牟呂","牟呂中村町5-5","事務所","24時間","34.7503","137.3571"
"437","こまどり保育園","牧野町字北原25-2","事務所","平日7:30～18:45","34.7346","137.4064"
"438","藤城建設株式会社","花田町字中ノ坪11","事務所","8：00～17：00","34.7682","137.3731"
"439","明照保育園","牟呂中村町6-1","職員室","7：30～19：00","34.7514","137.357"
"440","野外教育センター","伊古部町字下り25-41","フロント","8：30～17：15","34.6593","137.3901"
"441","MEGAドン・キホーテ豊橋店","藤沢町141","１階正面入口付近、２階吹き抜け階段付近、１階警備員室前通路","9：00～26：00","34.7439","137.3723"
"442","豊鉄観光バス株式会社","磯辺下地町字東坪51","ツアーお客様待合室","9：00～17：00","34.7179","137.3689"
"443","三菱ケミカル　豊和寮","牛川通四丁目1-7","玄関ロビー左側","24時間","34.7791","137.424"
"444","二川東保育園","二川町字東町163-41","事務所","7：15～19：00","34.7248","137.454"
"445","春日保育園","春日町二丁目28","玄関内","7：30～19：00","34.7589","137.4175"
"446","杉山保育園","杉山町字御園1-4","事務所","7：30～18：30","34.6768","137.3232"
"447","高師東こども園","西幸町字古並51-6","事務所","8：30～16：45","34.7232","137.4123"
"448","日下建設株式会社","西幸町字笠松38-10","事務所","平日8：00～17：00","34.7308","137.4107"
"449","二川幼稚園","大岩町字東郷内12-1","職員室内","平日7：30～18：00","34.7266","137.4474"
"450","ひばり保育園","東岩田二丁目14-6","事務所","平日7：30～18：30、土曜日7：30～13：00","34.7562","137.4329"
"451","野依保育園","野依町字八幡2-19","事務所","7：15～18：45","34.7022","137.3884"
"452","希望が丘第二こども園","旭町164","職員室内","7：30～18：00","34.7687","137.4009"
"453","豊南保育園","東赤沢町字西横根135","事務所前廊下","7：30～18：30","34.661","137.3626"
"454","希望が丘こども園","大岩町字大穴117-3","事務所内","8：00～18：00","34.7147","137.4353"
"455","ひまわり保育園","東新町253","事務所内","8：00～19：00","34.7645","137.4038"
"456","玉川保育園","石巻本町字日南坂7-3","事務室前廊下","8：00～18：00","34.7977","137.435"
